symbol,isin,fmv_31jan2018
20MICRONS,INE144J01027,53.1
21STCENMGM,INE253B01015,40.2
3IINFOTECH,INE748C01020,6.5
3MINDIA,INE470A01017,18875
5PAISA,INE618L01018,305
63MOONS,INE111B01023,109.5
8KMILES,INE650K01021,753
A2ZINFRA,INE619I01012,38.65
AARTIDRUGS,INE767A01016,651.55
AARTIIND,INE769A01020,1061.8
AARVEEDEN,INE273D01019,50
AARVI,INE754X01016,95
ABAN,INE421A01028,215.6
ABB,INE117A01022,1665
ABBOTINDIA,INE358A01014,5650
ABCAPITAL,INE674K01013,172.8
ABFRL,INE647O01011,164
ABGSHIP,INE067H01016,12.6
ABMINTLTD,INE251C01017,43.35
ACC,INE012A01025,1737.9
ACCELYA,INE793A01012,1497
ACE,INE731H01025,175
ACEINTEG,INE543V01017,44.5
ADANIENT,INE423A01024,218.75
ADANIPORTS,INE742F01042,435.5
ADANIPOWER,INE814H01011,38.25
ADANITRANS,INE931S01010,215
ADFFOODS,INE982B01019,275
ADHUNIK,INE400H01019,5.75
ADHUNIKIND,INE452L01012,88.8
ADLABS,INE172N01012,62.4
ADORWELD,INE045A01017,524.9
ADSL,INE102I01027,23.2
ADVANIHOTR,INE199C01026,76
ADVENZYMES,INE837H01020,269
AEGISCHEM,INE208C01025,250.75
AFL,INE020G01017,59.7
AGARIND,INE204E01012,570
AGCNET,INE676A01019,122.4
AGLSL,INE517U01013,120.75
AGRITECH,INE449G01018,110.8
AGROPHOS,INE740V01019,36.5
AHLEAST,INE926K01017,392.5
AHLUCONT,INE758C01029,357.9
AHLWEST,INE915K01010,289.9
AIAENG,INE212H01026,1570
AICHAMP,INE768E01024,37.45
AIFL,INE428O01016,463.8
AIRAN,INE645W01018,242
AIROLAM,INE801L01010,49
AISL,INE635Y01015,141.3
AJANTPHARM,INE031B01049,1460.8
AJMERA,INE298G01027,318
AJOONI,INE820Y01013,46.3
AKSHARCHEM,INE542B01011,743.95
AKSHOPTFBR,INE523B01011,39.5
AKZOINDIA,INE133A01011,1869
ALANKIT,INE914E01040,64.75
ALBERTDAVD,INE155C01010,390
ALBK,INE428A01015,68.4
ALCHEM,INE964B01033,13.35
ALEMBICLTD,INE426A01027,66.3
ALICON,INE062D01024,684.4
ALKALI,INE773I01017,84
ALKEM,INE540L01014,2229.95
ALKYLAMINE,INE150B01021,746.65
ALLCARGO,INE418H01029,195
ALLSEC,INE835G01018,418.35
ALMONDZ,INE326B01027,27.4
ALOKTEXT,INE270A01011,3.65
ALPA,INE385I01010,41
ALPHAGEO,INE137C01018,918
ALPSINDUS,INE093B01015,5.35
AMARAJABAT,INE885A01032,820
AMBER,INE371P01015,1299
AMBIKCO,INE540G01014,1416.9
AMBUJACEM,INE079A01024,263.3
AMDIND,INE005I01014,44
AMJLAND,INE606A01024,25.8
AMRUTANJAN,INE098F01023,605
AMTEKAUTO,INE130C01021,26.15
ANANTRAJ,INE242C01024,68.15
ANDHRABANK,INE434A01013,53.6
ANDHRACEMT,INE666E01012,13.2
ANDHRSUGAR,INE715B01013,664.75
ANGIND,INE017D01010,6
ANIKINDS,INE087B01017,42.8
ANSALAPI,INE436A01026,27.5
ANSALHSG,INE880B01015,28.75
ANTGRAPHIC,INE414B01021,1.05
APARINDS,INE372A01015,768.65
APCL,INE071F01012,234.75
APCOTEXIND,INE116A01024,484
APEX,INE346W01013,657
APLAPOLLO,INE702C01019,2240
APLLTD,INE901L01018,576.9
APOLLO,INE713T01010,360.85
APOLLOHOSP,INE437A01024,1173.85
APOLLOTYRE,INE438A01022,263.75
APOLSINHOT,INE451F01016,1420
APTECHT,INE266F01018,321.4
ARCHIDPLY,INE877I01016,106.35
ARCHIES,INE731A01020,44.5
ARCOTECH,INE574I01035,48.85
ARIES,INE298I01015,232.05
ARIHANT,INE413D01011,53.9
ARIHANTSUP,INE643K01018,159.45
ARMANFIN,INE109C01017,271
AROGRANITE,INE210C01013,69.4
ARROWGREEN,INE570D01018,480
ARROWTEX,INE933J01015,45.55
ARSHIYA,INE968D01022,99.15
ARSSINFRA,INE267I01010,51.7
ARTNIRMAN,INE738V01013,29
ARVIND,INE034A01011,429.85
ARVSMART,INE034S01021,202.3
ASAHIINDIA,INE439A01020,347.9
ASAHISONG,INE228I01012,368
ASAL,INE900C01027,93.95
ASHAPURMIN,INE348A01023,90
ASHIANA,INE365D01021,202.8
ASHIMASYN,INE440A01010,30.9
ASHOKA,INE442H01029,229.95
ASHOKLEY,INE208A01029,126.55
ASIANHOTNR,INE363A01022,274.95
ASIANPAINT,INE021A01026,1139.8
ASIANTILES,INE022I01019,562.5
ASPINWALL,INE991I01015,504
ASSAMCO,INE442A01024,5.1
ASTEC,INE563J01010,602.2
ASTRAL,INE006I01046,814
ASTRAMICRO,INE386C01029,115
ASTRAZEN,INE203A01020,1149.9
ASTRON,INE646X01014,141.5
ATFL,INE209A01019,667.95
ATLANTA,INE285H01022,110.9
ATLASCYCLE,INE446A01025,199.75
ATUL,INE100A01010,2822.45
ATULAUTO,INE951D01028,424.85
AUBANK,INE949L01017,676
AURDIS,INE448V01019,34
AURIONPRO,INE132H01018,219.5
AUROPHARMA,INE406A01037,635.5
AUSOMENT,INE218C01016,83.75
AUTOAXLES,INE449A01011,1694.65
AUTOIND,INE718H01014,91.1
AUTOLITIND,INE448A01013,67.5
AVADHSUGAR,INE349W01017,697.95
AVANTIFEED,INE871C01020,2274.7
AVTNPL,INE488D01021,46.35
AXISBANK,INE238A01034,596
AXISCADES,INE555B01013,187.85
AXISGOLD,INF846K01347,2639.95
AXISNIFTY,INF846K01ZL0,1103.9
AYMSYNTEX,INE193B01039,65.35
BAFNAPHARM,INE878I01014,24.75
BAGFILMS,INE116D01028,6
BAJAJ-AUTO,INE917I01010,3385.8
BAJAJCORP,INE933K01021,505.05
BAJAJELEC,INE193E01025,512
BAJAJFINSV,INE918I01018,4863.45
BAJAJHIND,INE306A01021,14.5
BAJAJHLDNG,INE118A01012,2815
BAJFINANCE,INE296A01024,1690
BALAJITELE,INE794B01026,154.4
BALAMINES,INE050E01027,684.45
BALKRISHNA,INE875R01011,85.75
BALKRISIND,INE787D01026,1184.5
BALLARPUR,INE294A01037,16.3
BALMLAWRIE,INE164A01016,247.8
BALPHARMA,INE083D01012,106
BALRAMCHIN,INE119A01028,125.2
BANARBEADS,INE655B01011,71.35
BANARISUG,INE459A01010,1918.95
BANCOINDIA,INE213C01025,242.6
BANG,INE863I01016,36.5
BANKBARODA,INE028A01039,161.8
BANKBEES,INF732E01078,2781.5
BANKINDIA,INE084A01016,162.7
BANSAL,INE668X01018,113.4
BANSWRAS,INE629D01012,129.8
BARTRONICS,INE855F01034,14.2
BASF,INE373A01013,2155.95
BASML,INE186H01014,318.25
BATAINDIA,INE176A01028,717.2
BAYERCROP,INE462A01022,4599.95
BBL,INE464A01028,1382.45
BBTC,INE050A01025,1423.5
BCONCEPTS,INE977Y01011,67
BEARDSELL,INE520H01022,65.95
BEDMUTHA,INE844K01012,24.9
BEL,INE263A01024,172
BEML,INE258A01016,1489.65
BEPL,INE922A01025,177
BERGEPAINT,INE463A01038,253.05
BETA,INE351Y01019,170.25
BFINVEST,INE878K01010,316
BFUTILITIE,INE243D01012,496.8
BGLOBAL,INE224M01013,5.65
BGRENERGY,INE661I01014,134.6
BHAGERIA,INE354C01027,327.5
BHAGYANGR,INE458B01036,42.7
BHAGYAPROP,INE363W01018,23.1
BHANDARI,INE474E01029,3.7
BHARATFIN,INE180K01011,1058.6
BHARATFORG,INE465A01025,724.9
BHARATGEAR,INE561C01019,203
BHARATIDIL,INE673G01013,6.45
BHARATIWIN,INF109KB15Y7,38.85
BHARATRAS,INE838B01013,4142
BHARATWIRE,INE316L01019,129.8
BHARTIARTL,INE397D01024,446
BHEL,INE257A01026,103.6
BHUSANSTL,INE824B01021,53.6
BIGBLOC,INE412U01017,138.1
BIL,INE828A01016,491
BILENERGY,INE607L01029,1.7
BILPOWER,INE952D01018,1.85
BINANIIND,INE071A01013,111
BINDALAGRO,INE143A01010,34.35
BIOCON,INE376G01013,631
BIOFILCHEM,INE829A01014,15.5
BIRLACABLE,INE800A01015,54.9
BIRLACORPN,INE340A01012,1175
BIRLAMONEY,INE865C01022,81
BKMINDST,INE831Q01016,42
BLBLIMITED,INE791A01024,6.85
BLISSGVS,INE416D01022,209.55
BLKASHYAP,INE350H01032,56.4
BLS,INE153T01027,213.8
BLUEBLENDS,INE113O01014,33.7
BLUECHIP,INE657B01025,0.2
BLUEDART,INE233B01017,4747
BLUEDART,INE233B08095,10.3
BLUEDART,INE233B08103,10.42
BLUESTARCO,INE472A01039,766.6
BODALCHEM,INE338D01028,160.25
BOMDYEING,INE032A01023,237.7
BOSCHLTD,INE323A01026,19664.95
BPCL,INE029A01011,493.6
BPL,INE110A01019,105.7
BRFL,INE589G01011,74.6
BRIGADE,INE791I01019,292.8
BRITANNIA,INE216A01022,4712.4
BRNL,INE727S01012,185
BROOKS,INE650L01011,105.65
BSE,INE118H01025,902.6
BSELINFRA,INE395A01016,5.65
BSL,INE594B01012,96.35
BSLGOLDETF,INF209K01HT2,2799
BSLIMITED,INE043K01029,1.4
BSLNIFTY,INF209K01IR4,109.75
BURNPUR,INE817H01014,12.4
BUTTERFLY,INE295F01017,603
BVCL,INE139I01011,31.35
BYKE,INE319B01014,193
CADILAHC,INE010B01027,430.4
CADSYS,INE090Y01013,105
CALSOFT,INE526B01014,60.8
CAMLINFINE,INE052I01032,128.5
CANBK,INE476A01014,352
CANDC,INE874H01015,75.8
CANFINHOME,INE477A01020,452.6
CANTABIL,INE068L01016,117
CAPACITE,INE264T01014,364
CAPF,INE688I01017,748.2
CAPLIPOINT,INE475E01026,629
CAPTRUST,INE707C01018,503
CARBORUNIV,INE120A01034,382
CAREERP,INE521J01018,124.65
CARERATING,INE752H01013,1374.9
CASTEXTECH,INE068D01021,5.5
CASTROLIND,INE172A01027,187.15
CCCL,INE429I01024,7.4
CCHHL,INE652F01027,16.75
CCL,INE421D01022,297.7
CDSL,INE736A01011,335.45
CEATLTD,INE482A01020,1864
CEBBCO,INE209L01016,17.7
CELEBRITY,INE185H01016,18.25
CELESTIAL,INE221I01017,18.55
CENTENKA,INE485A01015,330.95
CENTEXT,INE281A01026,6.8
CENTRALBK,INE483A01010,73.75
CENTUM,INE320B01020,673.9
CENTURYPLY,INE348B01021,329
CENTURYTEX,INE055A01016,1405.2
CERA,INE739E01017,3523
CEREBRAINT,INE345B01019,55.8
CESC,INE486A01013,1074.35
CGCL,INE180C01026,113.95
CGPOWER,INE067A01029,92
CHAMBLFERT,INE085A01013,162
CHENNPETRO,INE178A01016,423.35
CHOLAFIN,INE121A01016,1324.9
CHROMATIC,INE662C01015,2.6
CIGNITITEC,INE675C01017,296.5
CIMMCO,INE184C01028,114.95
CINELINE,INE704H01022,99.4
CINEVISTA,INE039B01026,12.15
CIPLA,INE059A01026,608.5
CLEDUCATE,INE201M01011,272.9
CLNINDIA,INE492A01029,646.95
CMICABLES,INE981B01011,263
CMMIPL,INE289S01013,79
CNOVAPETRO,INE672K01025,36
COALINDIA,INE522F01014,304.55
COCHINSHIP,INE704P01017,546.5
COFFEEDAY,INE335K01011,336.8
COLPAL,INE259A01022,1142
COMPINFO,INE070C01037,50
COMPUSOFT,INE453B01029,14.5
CONCOR,INE111A01017,1395
CONSOFINVT,INE025A01027,80.45
CONTROLPR,INE663B01015,470
CORALFINAC,INE558D01021,38.95
CORDSCABLE,INE792I01017,124.9
COROMANDEL,INE169A01031,561
CORPBANK,INE112A01023,38.95
COSMOFILMS,INE757A01017,356
COUNCODOS,INE695B01025,4.45
COX&KINGS,INE008I01026,262.95
CPSEETF,INF457M01133,31.25
CREATIVE,INE985W01018,164.05
CREATIVEYE,INE230B01021,4.75
CREST,INE559D01011,245
CRISIL,INE007A01025,1949.45
CRMFGETF,INF760K01BR1,2765
CROMPTON,INE299U01018,252
CTE,INE627H01017,88.35
CUB,INE491A01021,164
CUBEXTUB,INE144D01012,26.35
CUMMINSIND,INE298A01020,924.4
CUPID,INE509F01011,357.9
CYBERMEDIA,INE278G01037,17.75
CYBERTECH,INE214A01019,82.1
CYIENT,INE136B01020,648
DAAWAT,INE818H01020,94.15
DABUR,INE016A01026,360.8
DALMIABHA,INE439L01019,2962.05
DALMIASUG,INE495A01022,107.7
DAMODARIND,INE497D01014,126.9
DATAMATICS,INE365B01017,135.5
DBCORP,INE950I01011,335.45
DBL,INE917M01012,929
DBREALTY,INE879I01012,63.4
DBSTOCKBRO,INE921B01025,10.4
DCAL,INE385W01011,385
DCBBANK,INE503A01015,181.45
DCM,INE498A01018,105.5
DCMSHRIRAM,INE499A01024,598.95
DCW,INE500A01029,40.85
DECCANCE,INE583C01021,587
DEEPAKFERT,INE501A01019,404.7
DEEPAKNTR,INE288B01029,284
DEEPIND,INE677H01012,210.85
DELTACORP,INE124G01033,364
DELTAMAGNT,INE393A01011,73.95
DEN,INE947J01015,113.15
DENABANK,INE077A01010,25.4
DENORA,INE244A01016,397.5
DFMFOODS,INE456C01012,1634.95
DHAMPURSUG,INE041A01016,192.3
DHANBANK,INE680A01011,27.15
DHANUKA,INE435G01025,783.75
DHARSUGAR,INE988C01014,26.55
DHFL,INE202B01012,594
DHFL,INE202B07HL1,1000.06
DHFL,INE202B07HN7,1008
DHFL,INE202B07HP2,1036
DHFL,INE202B07HR8,1054.8
DHFL,INE202B07HT4,1040
DHFL,INE202B07HV0,1065
DHFL,INE202B07IK1,1225
DHFL,INE202B07IM7,1035
DHFL,INE202B07IO3,1046
DHUNINV,INE320L01011,463
DIAMONDYD,INE393P01035,1170
DIAPOWER,INE989C01012,19
DICIND,INE303A01010,559
DIGJAMLTD,INE731U01010,14
DISHTV,INE836F01026,75.9
DIVISLAB,INE361B01024,1079.9
DIXON,INE935N01012,3835
DLF,INE271C01023,257.6
DLINKINDIA,INE250K01012,133.9
DMART,INE192R01011,1210
DNAMEDIA,INE016M01021,9.45
DOLLAR,INE325C01035,460
DOLPHINOFF,INE920A01011,121.3
DONEAR,INE668D01028,68.7
DPABHUSHAN,INE266Y01019,71.25
DPL,INE477B01010,156
DPSCLTD,INE360C01024,30.5
DPWIRES,INE864X01013,86.5
DQE,INE656K01010,17.7
DREDGECORP,INE506A01018,789.9
DRREDDY,INE089A01023,2306.15
DSKULKARNI,INE891A01014,20.4
DSSL,INE417B01040,45.6
DTIL,INE341R01014,439.9
DUCON,INE741L01018,43.55
DWARKESH,INE366A01041,44.2
DYNAMATECH,INE221B01012,1888.8
DYNPRO,INE256H01015,187
EASTSILK,INE962C01027,5.75
EASUNREYRL,INE268C01029,19.45
ECEIND,INE588B01014,376.5
ECLERX,INE738I01010,1524.55
ECLFINANCE,INE804I07SI2,1080
ECLFINANCE,INE804I08601,1062.1
ECLFINANCE,INE804I08619,1125
ECLFINANCE,INE804I08627,1612
ECLFINANCE,INE804I07ZJ5,1067
EDELWEISS,INE532F01054,290
EDL,INE180G01019,50.35
EDUCOMP,INE216H01027,8.9
EHFLNCD,INE530L07178,1045
EHFLNCD,INE530L07210,1060
EHFLNCD,INE530L07228,1104.9
EICHERMOT,INE066A01013,27387
EIDPARRY,INE126A01031,337.5
EIFFL,INE546V01010,153
EIHAHOTELS,INE276C01014,509.7
EIHOTEL,INE230A01023,199.2
EIMCOELECO,INE158B01016,508
EKC,INE184H01027,57.7
ELAND,INE311H01018,18.65
ELECON,INE205B01023,94.25
ELECTCAST,INE086A01029,34.9
ELECTHERM,INE822G01016,162.8
ELGIEQUIP,INE285A01027,318.7
ELGIRUBCO,INE819L01012,50.4
EMAMIINFRA,INE778K01012,335
EMAMILTD,INE548C01032,1144.9
EMCO,INE078A01026,20.45
EMKAY,INE296H01011,223.9
EMMBI,INE753K01015,199.5
ENDURANCE,INE913H01037,1207.9
ENERGYDEV,INE306C01019,27.45
ENGINERSIN,INE510A01028,179
ENIL,INE265F01028,745
EON,INE076H01025,102.8
EQ30,INF754K01EM9,244.9
EQUITAS,INE988K01017,151.35
ERIS,INE406M01024,787.9
EROSMEDIA,INE416L01017,207.3
ESABINDIA,INE284A01012,794.5
ESCORTS,INE042A01014,842
ESL,INE481K01013,4.8
ESSARSHPNG,INE122M01019,28.9
ESSDEE,INE825H01017,73.4
ESSELPACK,INE255A01020,292
ESTER,INE778B01029,73.35
EUROCERA,INE649H01011,7.95
EUROTEXIND,INE022C01012,37.95
EVEREADY,INE128A01029,421
EVERESTIND,INE295A01018,579.9
EXCEL,INE688J01015,36
EXCELCROP,INE223G01017,3640
EXCELINDUS,INE369A01029,729.95
EXIDEIND,INE302A01020,228.05
FACT,INE188A01015,64
FAIRCHEM,INE959A01019,412.65
FCL,INE045J01026,68.9
FCONSUMER,INE220J01025,65.5
FDC,INE258B01022,236.8
FEDDERELEC,INE249C01011,80.2
FEDERALBNK,INE171A01029,101.9
FEL,INE623B01027,42.95
FELDVR,IN9623B01058,42.5
FELIX,INE901X01013,33
FIEMIND,INE737H01014,942.05
FILATEX,INE816B01019,218.75
FINCABLES,INE235A01022,744
FINPIPE,INE183A01016,649.85
FIRSTWIN,INE315J01015,3.3
FLEXITUFF,INE060J01017,79.45
FLFL,INE452O01016,385.9
FMGOETZE,INE529A01010,553.95
FMNL,INE360L01017,138.65
FOCUS,INE593W01010,183
FORTIS,INE061F01013,147.5
FORTUNEFIN,INE924D01017,258
FOSECOIND,INE519A01011,1799.4
FOURTHDIM,INE382T01014,199.85
FRETAIL,INE752P01024,562.8
FSC,INE935Q01015,689
FSL,INE684F01012,42.35
GABRIEL,INE524A01029,173.75
GAEL,INE036B01022,245
GAIL,INE129A01019,483.7
GAL,INE482J01021,9.3
GALLANTT,INE297H01019,43.75
GALLISPAT,INE528K01011,328.9
GAMMNINFRA,INE181G01025,3.6
GAMMONIND,INE259B01020,6.45
GANDHITUBE,INE524B01027,427.5
GANECOS,INE845D01014,409.7
GANESHHOUC,INE460C01014,161.9
GANGESSECU,INE335W01016,100.4
GARDENSILK,INE526A01016,41.2
GARWALLROP,INE276A01018,1024.95
GATI,INE152B01027,133.45
GAYAPROJ,INE336H01023,212
GDL,INE852F01015,233.25
GEECEE,INE916G01016,154.7
GEEKAYWIRE,INE669X01016,38
GEMINI,INE878C01033,1.2
GENESYS,INE727B01026,294
GENUSPAPER,INE949P01018,16
GENUSPOWER,INE955D01029,80.9
GEOJITFSL,INE007B01023,110.9
GEPIL,INE878A01011,944.85
GESHIP,INE017A01032,408.7
GET&D,INE200A01026,436.15
GHCL,INE539A01019,325
GICHSGFIN,INE289B01019,434
GICRE,INE481Y01014,767.4
GILLANDERS,INE047B01011,77
GILLETTE,INE322A01010,6698.8
GINNIFILA,INE424C01010,38.2
GIPCL,INE162A01010,121.7
GIRRESORTS,INE316N01015,262.5
GITANJALI,INE346H01014,69.5
GKWLIMITED,INE528A01020,646
GLAXO,INE159A01016,2468.55
GLENMARK,INE935A01035,614.75
GLOBALVECT,INE792H01019,159.75
GLOBOFFS,INE446C01013,35.8
GLOBUSSPR,INE615I01010,141.95
GMBREW,INE075D01018,916.75
GMDCLTD,INE131A01031,149.8
GMRINFRA,INE776C01039,22.5
GNA,INE934S01014,458.95
GNFC,INE113A01013,486
GOACARBON,INE426D01013,962.7
GOCLCORP,INE077F01035,628
GODFRYPHLP,INE260B01028,953.65
GODREJAGRO,INE850D01014,579
GODREJCP,INE102D01028,1071.95
GODREJIND,INE233A01035,613
GODREJPROP,INE484J01027,809.9
GOENKA,INE516K01024,0.55
GOKEX,INE887G01027,115.5
GOKUL,INE020J01029,21.3
GOKULAGRO,INE314T01025,26.05
GOLDBEES,INF732E01102,2720
GOLDIAM,INE025B01017,79.45
GOLDINFRA,INE260D01016,227
GOLDIWIN,INF109KB1WF4,275.85
GOLDSHARE,INF789F01059,2669
GOLDTECH,INE805A01014,15.9
GOODLUCK,INE127I01024,126.35
GPIL,INE177H01013,566.6
GPPL,INE517F01014,145.8
GPTINFRA,INE390G01014,214.5
GRANULES,INE101D01020,133.9
GRAPHITE,INE371A01025,812
GRASIM,INE047A01021,1167.95
GRAVITA,INE024L01027,176.45
GREAVESCOT,INE224A01026,140.55
GREENLAM,INE544R01013,1310
GREENPLY,INE461C01038,362.55
GREENPOWER,INE999K01014,12.35
GRINDWELL,INE536A01023,537.5
GROBTEA,INE646C01018,1777
GRPLTD,INE137I01015,1550
GRUH,INE580B01029,593.2
GSCLCEMENT,INE542A01039,34.2
GSFC,INE026A01025,146.5
GSKCONS,INE264A01014,6940
GSPL,INE246F01010,204.85
GSS,INE871H01011,35.9
GTL,INE043A01012,14.85
GTLINFRA,INE221H01019,6.1
GTNIND,INE537A01013,18
GTNTEX,INE302H01017,21.7
GTPL,INE869I01013,164.9
GUFICBIO,INE742B01025,124.3
GUJALKALI,INE186A01019,775.8
GUJAPOLLO,INE826C01016,229.05
GUJFLUORO,INE538A01037,850
GUJGASLTD,INE844O01022,865
GUJNRECOKE,INE110D01013,1.3
GUJNREDVR,IN9110D01011,1.3
GUJRAFFIA,INE610B01024,83
GULFOILLUB,INE635Q01029,917.9
GULFPETRO,INE586G01017,83.7
GULPOLY,INE255D01024,84.85
GVKPIL,INE251H01024,21.25
H1190M36RG,INF179KB1PA4,9.46
HANUNG,INE648H01013,4
HARITASEAT,INE939D01015,999.7
HARRMALAYA,INE544A01019,87.3
HATHWAY,INE982F01036,41.6
HATSUN,INE473B01035,811.5
HAVELLS,INE176B01034,540
HBLPOWER,INE292B01021,62.7
HBSTOCK,INE550B01014,49.5
HCC,INE549A01026,40.1
HCG,INE075I01017,353.8
HCL-INSYS,INE236A01020,54.9
HCLTECH,INE860A01027,1017.9
HDFC,INE001A01036,1963.05
HDFC,INE001A13031,496.7
HDFCBANK,INE040A01026,2013.5
HDFCLIFE,INE795G01014,432.9
HDFCMFGETF,INF179K01CN1,2780.05
HDFCNIFETF,INF179KB1KP3,1131.98
HDIL,INE191I01012,59.45
HEG,INE545A01016,2915
HEIDELBERG,INE578A01017,157.75
HERCULES,INE688E01024,142.8
HERITGFOOD,INE978A01027,768
HEROMOTOCO,INE158A01026,3747.9
HESTERBIO,INE782E01017,1620
HEXATRADEX,INE750M01017,71
HEXAWARE,INE093A01033,386
HFCL,INE548A01028,30
HGS,INE170I01016,939
HIGHGROUND,INE361M01021,14.5
HIKAL,INE475B01022,225.35
HIL,INE557A01011,1790
HILTON,INE788H01017,39
HIMATSEIDE,INE049A01027,364.65
HINDALCO,INE038A01020,263.2
HINDCOMPOS,INE310C01029,483.05
HINDCOPPER,INE531E01026,86.75
HINDDORROL,INE551A01022,8
HINDMOTORS,INE253A01025,9
HINDNATGLS,INE952A01022,162.9
HINDOILEXP,INE345A01011,129.8
HINDPETRO,INE094A01015,400.65
HINDSYNTEX,INE155B01012,14.1
HINDUJAVEN,INE353A01023,749.2
HINDUNILVR,INE030A01027,1400
HINDZINC,INE267A01025,316.15
HIRECT,INE835D01023,126.95
HISARMETAL,INE598C01011,101
HITECH,INE106T01017,401.8
HITECHCORP,INE120D01012,174.7
HITECHGEAR,INE127B01011,494.15
HMT,INE262A01018,37.85
HMVL,INE871K01015,256.7
HNGSNGBEES,INF732E01227,3325
HONAUT,INE671A01010,17050
HONDAPOWER,INE634A01018,1457.15
HOTELEELA,INE102A01024,22.9
HOVS,INE596H01014,288
HPL,INE495S01016,155.8
HSCL,INE019C01026,181.95
HSIL,INE415A01038,454.55
HTMEDIA,INE501G01024,102.3
HUBTOWN,INE703H01016,122.05
HUDCO,INE031A01017,82.65
HUDCO,INE031A07840,1219
HUDCO,INE031A07832,1153
HUDCO,INE031A07857,1074
HUDCO,INE031A07865,1090.1
HUDCO,INE031A07AO5,1115
HUDCO,INE031A07AT4,1125
HUDCO,INE031A07949,1204
IBREALEST,INE069I01010,227.5
IBULHSGFIN,INE148I01020,1415.55
IBULHSGFIN,INE148I07GD0,1099
IBULHSGFIN,INE148I07GJ7,1002
IBULHSGFIN,INE148I07GL3,1059
IBVENTURES,INE274G01010,255.7
ICEMAKE,INE520Y01019,101.4
ICICIBANK,INE090A01021,353.95
ICICIGI,INE765G01017,805
ICICIPRULI,INE726G01019,414.85
ICIL,INE483B01026,107.5
ICRA,INE725G01011,3989
ICSA,INE306B01029,4.5
IDBI,INE008A01015,62.1
IDBIGOLD,INF397L01554,2845
IDEA,INE669E01016,96.1
IDFC,INE043D01016,57.2
IDFCBANK,INE092T01019,57.6
IDFCBANK,INE092T08CC6,4945
IDFCBANK,INE092T08CD4,8457
IDFCBANK,INE092T08CE2,4930.02
IDFCBANK,INE092T08CF9,8010
IDFCBANK,INE092T08CG7,5252
IDFCBANK,INE092T08CH5,8290
IDFCBANK,INE092T08CI3,5242
IDFCBANK,INE092T08CJ1,8380
IDFCBANK,INE092T08CK9,5075
IDFCBANK,INE092T08CL7,8410
IDFCBANK,INE092T08CM5,5362.06
IDFCBANK,INE092T08CN3,8101
IDFCBANK,INE092T08CO1,5252
IDFCBANK,INE092T08CP8,7749
IDFNIFTYET,INF194KA1U07,112
IEX,INE022Q01012,1610
IFBAGRO,INE076C01018,819
IFBIND,INE559A01017,1285
IFCI,INE039A01010,29.1
IFCI,INE039A07751,1038.2
IFCI,INE039A07777,1014.95
IFCI,INE039A07801,1024
IFCI,INE039A07843,1010
IFGLEXPOR,INE133Y01011,297
IGARASHI,INE188B01013,845
IGL,INE203G01027,310
IGPL,INE204A01010,728
IIFCL,INE787H07370,1260
IIFL,INE530B01024,735.9
IIFLFIN,INE866I08139,1023.99
IIFLFIN,INE866I08154,1935.4
IIFLFIN,INE866I07594,1035.9
IIHFL,INE477L07040,1035
IIHFL,INE477L08014,1069.5
IIHFL,INE477L08022,1605.1
IITL,INE886A01014,110
IL&FSENGG,INE369I01014,46.5
IL&FSTRANS,INE975G01012,79.4
IMFA,INE919H01018,678.4
IMPAL,INE547E01014,1145
INDBANK,INE841B01017,32.75
INDHOTEL,INE053A01029,145.6
INDIACEM,INE383A01012,171.25
INDIAGLYCO,INE560A01015,526.95
INDIANB,INE562A01011,372.9
INDIANCARD,INE061A01014,191.5
INDIANHUME,INE323C01030,414
INDIGO,INE646L01027,1225
INDIGRID,INE219X23014,92.49
INDLMETER,INE065B01013,122
INDNIPPON,INE092B01017,1136
INDOCO,INE873D01024,282.95
INDORAMA,INE156A01020,42.85
INDOSOLAR,INE866K01015,11
INDOTECH,INE332H01014,210.75
INDOTHAI,INE337M01013,91.9
INDOWIND,INE227G01018,12.2
INDRAMEDCO,INE681B01017,56.95
INDSWFTLAB,INE915B01019,63.6
INDSWFTLTD,INE788B01028,9.3
INDTERRAIN,INE611L01021,216
INDUSINDBK,INE095A01012,1761
INEOSSTYRO,INE189B01011,1007.9
INFIBEAM,INE483S01020,158.5
INFINITE,INE486J01014,398
INFOBEAN,INE344S01016,85
INFRABEES,INF732E01268,372.21
INFRATEL,INE121J01017,353.95
INFY,INE009A01021,1166.6
INGERRAND,INE177A01018,793.5
INNOVANA,INE403Y01018,164
INNOVATIVE,INE070Y01015,59.25
INOXLEISUR,INE312H01016,281.2
INOXWIND,INE066P01011,132.4
INSECTICID,INE070I01018,834.8
INTELLECT,INE306R01017,181.65
INTENTECH,INE781A01025,100.5
INVENTURE,INE878H01016,14.45
IOB,INE565A01014,22.9
IOC,INE242A01010,427.4
IOLCP,INE485C01011,75.65
IPAPPM,INE435A01028,364
IPCALAB,INE571A01020,589
IPRU9008,INF109KB1TZ8,11.58
IRB,INE821I01014,245.4
IRBINVIT,INE183W23014,89.34
IRFC,INE053F07520,1090
IRFC,INE053F07561,1069
IRFC,INE053F07678,1210
IRFC,INE053F07686,1248
IRFC,INE053F07736,1199
IRFC,INE053F07827,1075
IRFC,INE053F07835,1116.05
IRFC,INE053F07900,1142.8
ISFT,INE566K01011,719.2
ISMTLTD,INE732F01019,15.4
ITC,INE154A01025,276
ITDC,INE353K01014,507.95
ITDCEM,INE686A01026,208.9
ITI,INE248A01017,122.35
IVC,INE050B01023,24.7
IVP,INE043C01018,193
IVRCLINFRA,INE875A01025,5.45
IVZINGOLD,INF205K01361,2729.25
IVZINNIFTY,INF205K01DA9,1137
IZMO,INE848A01014,84.95
J&KBANK,INE168A01041,75
JAGRAN,INE199G01027,175
JAGSNPHARM,INE048B01027,35.8
JAIBALAJI,INE091G01018,17.1
JAICORPLTD,INE070D01027,189.25
JAIHINDPRO,INE343D01010,5.3
JAINSTUDIO,INE486B01011,4.9
JALAN,INE349X01015,59.75
JAMNAAUTO,INE039C01032,76.2
JASH,INE039O01011,192.9
JAYAGROGN,INE785A01026,402.6
JAYBARMARU,INE571B01028,524
JAYNECOIND,INE854B01010,10.5
JAYSREETEA,INE364A01020,103.5
JBCHEPHARM,INE572A01028,311.05
JBFIND,INE187A01017,192.6
JBMA,INE927D01028,503.9
JCHAC,INE782A01015,2547.45
JENSONICOL,INE819B01021,6
JETAIRWAYS,INE802G01018,774.95
JETFREIGHT,INE982V01017,113.5
JETKNIT,INE564T01017,110.05
JHS,INE544H01014,72.65
JINDALPHOT,INE796G01012,72.95
JINDALPOLY,INE197D01010,354.5
JINDALSAW,INE324A01024,156
JINDALSTEL,INE749A01030,274
JINDCOT,INE904J01016,9.45
JINDRILL,INE742C01031,194.95
JINDWORLD,INE247D01021,673.4
JISLDVREQS,IN9175A01010,86.35
JISLJALEQS,INE175A01038,145.1
JITFINFRA,INE863T01013,46.25
JKCEMENT,INE823G01014,1126.15
JKIL,INE576I01022,335.25
JKLAKSHMI,INE786A01032,420
JKPAPER,INE789E01012,149.85
JKTYRE,INE573A01042,179.5
JMA,INE412C01015,239.95
JMCPROJECT,INE890A01016,569.95
JMFINANCIL,INE780C01023,167.85
JMTAUTOLTD,INE988E01036,5.3
JOCIL,INE839G01010,191.8
JPASSOCIAT,INE455F01025,20.9
JPINFRATEC,INE099J01015,15.2
JPOLYINVST,INE147P01019,75.2
JPPOWER,INE351F01018,7.15
JSL,INE220G01021,114.8
JSLHISAR,INE455T01018,203.95
JSWENERGY,INE121E01018,88.75
JSWHL,INE824G01012,1713.9
JSWSTEEL,INE019A01038,294
JSWSTEEL,INE019A04024,8.85
JUBILANT,INE700A01033,962.8
JUBLFOOD,INE797F01012,2148.4
JUBLINDS,INE645L01011,224.9
JUNIORBEES,INF732E01045,312.91
JUSTDIAL,INE599M01018,528.9
JVLAGRO,INE430G01026,35.5
JYOTHYLAB,INE668F01031,366.95
JYOTISTRUC,INE197A01024,11
KABRAEXTRU,INE900B01029,128.75
KAJARIACER,INE217B01036,677
KAKATCEM,INE437B01014,373.05
KALPATPOWR,INE220B01022,466
KALYANIFRG,INE314G01014,357.95
KAMATHOTEL,INE967C01018,141.7
KAMDHENU,INE390H01012,247.95
KANANIIND,INE879E01037,9.8
KANORICHEM,INE138C01024,91.85
KANSAINER,INE531A01024,518.9
KARMAENG,INE725L01011,41.85
KARURVYSYA,INE036D01028,111.8
KAUSHALYA,INE234I01010,3.5
KAVVERITEL,INE641C01019,12.5
KAYA,INE587G01015,1040
KCP,INE805C01028,147.7
KCPSUGIND,INE790B01024,29.1
KDDL,INE291D01011,347
KEC,INE389H01022,357.9
KECL,INE134B01017,43.95
KEERTI,INE586X01012,55.9
KEI,INE878B01027,390
KELLTONTEC,INE164B01022,117.9
KERNEX,INE202H01019,55.9
KESARENT,INE133B01019,64.8
KESORAMIND,INE087A01019,140.4
KEYCORPSER,INE681C01015,64.85
KGL,INE299C01024,2.75
KHADIM,INE834I01025,700
KHAITANLTD,INE731C01018,49.75
KHANDSE,INE060B01014,26.05
KICL,INE029L01018,2442.6
KILITCH,INE729D01010,87.05
KINGFA,INE473D01015,1029.9
KIOCL,INE880L01014,349.95
KIRIINDUS,INE415I01015,587.15
KIRLOSBROS,INE732A01036,362
KIRLOSENG,INE146L01010,397.7
KIRLOSIND,INE250A01039,1419.95
KITEX,INE602G01020,294.7
KKCL,INE401H01017,1750
KKVAPOW,INE239T01016,580
KMSUGAR,INE157H01023,18.5
KNRCON,INE634I01029,316.05
KOHINOOR,INE080B01012,76.75
KOKUYOCMLN,INE760A01029,140.8
KOLTEPATIL,INE094I01018,369.85
KOPRAN,INE082A01010,76.6
KOTAKBANK,INE237A01028,1113.2
KOTAKBKETF,INF174K01F59,280.81
KOTAKGOLD,INF373I01049,266.2
KOTAKNIFTY,INF174K014P6,111.8
KOTAKNV20,INF174K01Z71,52.1
KOTAKPSUBK,INF373I01023,379
KOTARISUG,INE419A01022,17.3
KOTHARIPET,INE720A01015,29
KOTHARIPRO,INE823A01017,207
KPIT,INE836A01035,220.65
KPRMILL,INE930H01023,765.95
KRBL,INE001B01026,625
KREBSBIO,INE268B01013,147.2
KRIDHANINF,INE524L01026,121
KRISHANA,INE506W01012,31
KSBPUMPS,INE999A01015,900
KSCL,INE455I01029,518.65
KSERASERA,INE216D01026,0.3
KSK,INE143H01015,16.4
KSL,INE907A01026,349.35
KTIL,INE096L01025,183.9
KTK180DG,INF174K01Y31,11.98
KTKBANK,INE614B01018,149.65
KWALITY,INE775B01025,100.95
L&TFH,INE498L01015,177.65
L&TFINANCE,INE523E07459,1073
L&TINFRA,INE691I07166,986
L&TINFRA,INE691I07174,1655.1
L&TINFRA,INE691I07182,970.55
L&TINFRA,INE691I07190,1622
L&TINFRA,INE691I07224,1050
L&TINFRA,INE691I07232,1688
LAKPRE,INE651C01018,53.7
LAKSHMIEFL,INE992B01026,27.85
LAKSHVILAS,INE694C01018,131.5
LALPATHLAB,INE600L01024,919
LAMBODHARA,INE112F01022,67
LAOPALA,INE059D01020,624.5
LASA,INE670X01014,174.8
LAURUSLABS,INE947Q01010,520.05
LAXMIMACH,INE269B01029,6196.95
LCCINFOTEC,INE938A01021,0.9
LEEL,INE245C01019,284.9
LEXUS,INE500X01013,126
LFIC,INE850E01012,123.25
LGBBROSLTD,INE337A01034,1033
LIBERTSHOE,INE557B01019,244.7
LICHSGFIN,INE115A01026,540.1
LICNETFGSC,INF767K01MV5,16.87
LICNETFN50,INF767K01OS7,114.25
LICNFNHGP,INF767K01PC8,117
LINCOLN,INE405C01035,257.55
LINCPEN,INE802B01019,460
LINDEINDIA,INE473A01011,547.05
LIQUIDBEES,INF732E01037,1000.01
LITL,INE785C01048,1.7
LML,INE862A01015,9.3
LOKESHMACH,INE397H01017,70.75
LOTUSEYE,INE947I01017,33.75
LOVABLE,INE597L01014,229.55
LOWVOLIWIN,INF109KB10T8,84.2
LPDC,INE197J01017,4.8
LSIL,INE093R01011,2.6
LT,INE018A01030,1439.7
LTI,INE214T01019,1371.55
LTTS,INE010V01017,1289
LUMAXIND,INE162B01018,1930
LUMAXTECH,INE872H01019,760.2
LUPIN,INE326A01037,901.7
LUXIND,INE150G01020,1750
LYCOS,INE425B01027,6.3
LYKALABS,INE933A01014,67.6
LYPSAGEMS,INE142K01011,36.85
M&M,INE101A01026,771.15
M&MFIN,INE774D01024,475
M&MFIN,INE774D08MA6,1080
M100,INF247L01023,23.4
M15RG,INF903JA1AL0,8.75
M17RG,INF903JA1BF0,7.3
M50,INF247L01536,106
MAANALU,INE215I01019,158
MADHAV,INE925C01016,65.3
MADHUCON,INE378D01032,32.7
MADRASFERT,INE414A01015,47.25
MAGADSUGAR,INE347W01011,151
MAGMA,INE511C01022,165
MAGNUM,INE387I01016,13.15
MAHABANK,INE457A01014,19.9
MAHASTEEL,INE451L01014,110.3
MAHESHWARI,INE263W01010,175.4
MAHINDCIE,INE536H01010,230.7
MAHLIFE,INE813A01018,505
MAHLOG,INE766P01016,486
MAHSCOOTER,INE288A01013,2700.05
MAHSEAMLES,INE271B01025,518.55
MAITHANALL,INE683C01011,905.6
MAJESCO,INE898S01029,568.8
MALUPAPER,INE383H01017,43.75
MANAKALUCO,INE859Q01017,13.65
MANAKCOAT,INE830Q01018,18.95
MANAKSIA,INE015D01022,69.1
MANAKSTEEL,INE824Q01011,40.5
MANALIPETC,INE201A01024,37.2
MANAPPURAM,INE522D01027,114.85
MANDHANA,INE087J01010,7.8
MANGALAM,INE584F01014,183.5
MANGCHEFER,INE558B01017,74.35
MANGLMCEM,INE347A01017,424.7
MANGTIMBER,INE805B01012,35.2
MANINDS,INE993A01026,131.95
MANINFRA,INE949H01023,65.8
MANPASAND,INE122R01018,392
MANUGRAPH,INE867A01022,53.9
MARALOVER,INE882A01013,42.4
MARATHON,INE182D01012,576.8
MARICO,INE196A01026,315.35
MARKSANS,INE750C01026,42.2
MARUTI,INE585B01010,9585
MASFIN,INE348L01012,642
MASTEK,INE759A01021,493.3
MATRIMONY,INE866R01028,934.95
MAWANASUG,INE636A01039,71.7
MAXINDIA,INE153U01017,115.2
MAXVIL,INE154U01015,83.35
MAYURUNIQ,INE040D01038,504.95
MAZDA,INE885E01034,456
MBAPL,INE900L01010,50
MBECL,INE748A01016,61.85
MBLINFRA,INE912H01013,24.9
MCDHOLDING,INE836H01014,42.35
MCDOWELL-N,INE854D01016,3309.7
MCLEODRUSS,INE942G01012,175.75
MCX,INE745G01035,788
MEGASOFT,INE933B01012,14.7
MEGH,INE974H01013,108.5
MELSTAR,INE817A01019,4.25
MENONBE,INE071D01033,117
MEP,INE776I01010,91.95
MERCATOR,INE934B01028,40.95
MERCK,INE199A01012,1492.45
METALFORGE,INE425A01011,33
METKORE,INE592I01029,3.6
MFSL,INE180A01020,538.85
MGL,INE002S01010,1026.75
MHRIL,INE998I01010,354
MIC,INE287C01029,9.05
MIDCAPIWIN,INF109KB1XT3,76.25
MILTON,INE376Y01016,25
MINDACORP,INE842C01021,205
MINDAIND,INE405E01023,1249.45
MINDTECK,INE110B01017,78
MINDTREE,INE018I01017,779.15
MIRCELECTR,INE831A01028,54
MIRZAINT,INE771A01026,137.3
MKPL,INE964W01013,95
MMFL,INE227C01017,1110
MMTC,INE123F01029,61.95
MOHITIND,INE954E01012,40
MOHOTAIND,INE313D01013,404.7
MOIL,INE490G01020,246.05
MOKSH,INE514Y01012,44.25
MOLDTECH,INE835B01035,72.4
MOLDTKPAC,INE893J01029,359.75
MONNETISPA,INE743C01013,29.85
MONSANTO,INE274B01011,2594.35
MONTECARLO,INE950M01013,607.9
MORARJEE,INE161G01027,55.5
MOREPENLAB,INE083A01026,36.2
MOSERBAER,INE739A01015,5
MOTHERSUMI,INE775A01035,367.55
MOTILALOFS,INE338I01027,1293
MOTOGENFIN,INE861B01015,39.35
MPHASIS,INE356A01018,912
MPSLTD,INE943D01017,593.8
MPTODAY,INE105Y01019,145
MRF,INE883A01011,68798.75
MRO-TEK,INE398B01018,30
MRPL,INE103A01014,130
MSPL,INE752G01015,26
MTEDUCARE,INE472M01018,57
MTNL,INE153A01019,25.85
MUKANDENGG,INE022B01014,51.65
MUKANDLTD,INE304A01026,86.9
MUKANDLTD,INE304A04012,7.5
MUKTAARTS,INE374B01019,89.3
MUNJALAU,INE672B01032,86
MUNJALSHOW,INE577A01027,277.6
MURUDCERA,INE692B01014,48.1
MUTHOOTCAP,INE296G01013,759.9
MUTHOOTFIN,INE414G01012,422
MUTHOOTFIN,INE414G07241,1861.05
MUTHOOTFIN,INE414G07AG6,995.01
MVL,INE744I01034,0.55
N100,INF247L01031,514.99
NABARD,INE261F07032,1175
NACLIND,INE295D01020,55.95
NAGAFERT,INE454M01024,23.4
NAGAROIL,INE453M01018,4.35
NAGREEKCAP,INE245I01016,41.8
NAGREEKEXP,INE123B01028,39.7
NAHARCAP,INE049I01012,176.9
NAHARINDUS,INE289A01011,104.65
NAHARPOLY,INE308A01027,77.95
NAHARSPING,INE290A01027,119.95
NAKODA,INE559B01023,0.5
NANDANI,INE696V01013,103.2
NATCOPHARM,INE987B01026,956.35
NATHBIOGEN,INE448G01010,538.5
NATIONALUM,INE139A01034,77.75
NATNLSTEEL,INE088B01015,43
NAUKRI,INE663F01024,1395
NAVINFLUOR,INE048G01026,820
NAVKARCORP,INE278M01019,185.5
NAVNETEDUL,INE060A01024,148
NBCC,INE095N01023,229.6
NBIFIN,INE365I01020,1681
NBVENTURES,INE725A01022,162.4
NCC,INE868B01028,126.85
NCLIND,INE732C01016,276.75
NDGL,INE756C01015,1649.25
NDL,INE875G01030,146.55
NDTV,INE155G01029,45.75
NECCLTD,INE553C01016,29.45
NECLIFE,INE023H01027,33.55
NELCAST,INE189I01024,87.95
NELCO,INE045B01015,124.45
NESCO,INE317F01035,617.5
NESTLEIND,INE239A01016,7514
NETWORK18,INE870H01013,57.2
NEULANDLAB,INE794A01010,843.6
NEWGEN,INE619B01017,258
NEXTMEDIA,INE747B01016,17.6
NFL,INE870D01012,73.9
NH,INE410P01011,288
NHAI,INE906B07CA1,1098.95
NHAI,INE906B07CB9,1179.99
NHAI,INE906B07DD3,1238.99
NHAI,INE906B07DF8,1280
NHAI,INE906B07EH2,1119
NHAI,INE906B07EI0,1160
NHAI,INE906B07EJ8,1173
NHAI,INE906B07EN0,1067.55
NHAI,INE906B07EP5,1155
NHBTF2014,INE557F07116,5800
NHBTF2014,INE557F07124,6000
NHBTF2014,INE557F07132,6400
NHPC,INE848E01016,30
NHPC,INE848E07559,1285
NHPC,INE848E07567,1330
NIACL,INE470Y01017,639
NIBL,INE047O01014,29
NIF100IWIN,INF109KA1962,122
NIFTYBEES,INF732E01011,1138.5
NIFTYEES,INF754K01EK3,12350
NIFTYIWIN,INF109K012R6,114
NIITLTD,INE161A01038,106.4
NIITTECH,INE591G01017,868
NILAINFRA,INE937C01029,23.2
NILKAMAL,INE310A01015,1850
NIPPOBATRY,INE567A01010,880.1
NITCO,INE858F01012,134
NITESHEST,INE639K01016,16.05
NITINFIRE,INE489H01020,6.4
NITINSPIN,INE229H01012,122.35
NITIRAJ,INE439T01012,77
NKIND,INE542C01019,49.85
NLCINDIA,INE589A01014,104.8
NMDC,INE584A01023,144.6
NOCIL,INE163A01018,212
NOIDATOLL,INE781B01015,14.8
NORBTEAEXP,INE369C01017,7.45
NRAIL,INE740D01017,502.95
NRBBEARING,INE349A01021,165.9
NSIL,INE023A01030,1348
NTL,INE333I01036,4.5
NTPC,INE733E01010,170.95
NTPC,INE733E07JJ9,1285
NTPC,INE733E07JP6,13.65
NTPC,INE733E07JR2,1065
NTPC,INE733E07JW2,1200
NUCLEUS,INE096B01018,456.9
NUTEK,INE318J01027,1.3
NV20IWIN,INF109KB1WY5,51.2
OBEROIRLTY,INE093I01010,540.95
OCCL,INE321D01016,1256.65
OCL,INE290B01025,1388.6
OFSS,INE881D01027,4200
OIL,INE274J01014,364.95
OILCOUNTUB,INE591A01010,52.5
OISL,INE196J01019,4.35
OMAXAUTO,INE090B01011,198.4
OMAXE,INE800H01010,230.25
OMKARCHEM,INE474L01016,74.5
OMMETALS,INE239D01028,68.9
ONELIFECAP,INE912L01015,28
ONEPOINT,INE840Y01011,93.45
ONGC,INE213A01029,204.6
ONMOBILE,INE809I01019,56.3
ONWARDTEC,INE229A01017,105.45
OPTIEMUS,INE350C01017,268.4
OPTOCIRCUI,INE808B01016,11.15
ORBTEXP,INE231G01010,159.95
ORCHIDPHAR,INE191A01019,17.95
ORICONENT,INE730A01022,64.45
ORIENTABRA,INE569C01020,49.5
ORIENTALTL,INE998H01012,16.45
ORIENTBANK,INE141A01014,116.7
ORIENTBELL,INE607D01018,348.4
ORIENTCEM,INE876N01018,152.3
ORIENTHOT,INE750A01020,57.8
ORIENTLTD,INE609C01024,209.8
ORIENTPPR,INE592A01026,48.95
ORIENTREF,INE743M01012,172
ORISSAMINE,INE725E01024,1875
ORTEL,INE849L01019,33.6
ORTINLABSS,INE749B01012,21.85
PAGEIND,INE761H01022,21838.6
PAISALO,INE420C01042,297.9
PALASHSECU,INE471W01019,76
PALREDTEC,INE218G01033,105.9
PANACEABIO,INE922B01023,317
PANACHE,INE895W01019,143.1
PANAMAPET,INE305C01029,222
PANORAMUNI,INE194B01029,11.4
PAPERPROD,INE275B01026,327.4
PARABDRUGS,INE618H01016,8.35
PARACABLES,INE074B01023,13.2
PARAGMILK,INE883N01014,289.2
PARSVNATH,INE561H01026,24.6
PASHUPATI,INE124Y01010,75
PATELENG,INE244B01030,77.4
PATINTLOG,INE529D01014,80.35
PATSPINLTD,INE790C01014,24.6
PBAINFRA,INE160H01019,19.4
PCJEWELLER,INE785M01013,516
PDMJEPAPER,INE865T01018,27.4
PDPL,INE904D01019,21.55
PDSMFL,INE111Q01013,330.15
PDUMJEIND,INE105C01023,14.7
PEARLPOLY,INE844A01013,36
PEL,INE140A01024,2785.9
PENIND,INE932A01024,62.35
PENINLAND,INE138A01028,34.8
PENPEBS,INE455O01019,101.95
PERSISTENT,INE262H01013,799.8
PETRONENGG,INE742A01019,133.45
PETRONET,INE347G01014,259.45
PFC,INE134E01011,118.5
PFC,INE134E07349,1099.8
PFC,INE134E07588,1145.5
PFC,INE134E07190,1095.01
PFC,INE134E07463,1274.99
PFIZER,INE182A01018,2349
PFOCUS,INE367G01038,111
PFS,INE560K01014,35.4
PGEL,INE457L01011,408.5
PGHH,INE179A01014,9364.75
PGIL,INE940H01014,127.7
PHILIPCARB,INE602A01015,1295
PHOENIXLTD,INE211B01039,665
PIDILITIND,INE318A01026,898.5
PIIND,INE603J01030,914.8
PILANIINVS,INE417C01014,3042
PILITA,INE600A01035,16
PINCON,INE675G01018,36.05
PIONDIST,INE889E01010,201.65
PIONEEREMB,INE156C01018,40.9
PITTILAM,INE450D01021,87.5
PKTEA,INE431F01018,599
PLASTIBLEN,INE083C01022,242.9
PNB,INE160A01022,175.2
PNBGILTS,INE859A01011,43.7
PNBHOUSING,INE572E01012,1304.3
PNC,INE392B01011,23.35
PNCINFRA,INE195J01029,188
POCHIRAJU,INE332G01032,6.5
PODDARHOUS,INE888B01018,1176.95
PODDARMENT,INE371C01013,307
POKARNA,INE637C01025,222
POLARIS,INE763A01023,424.7
POLYMED,INE205C01021,255
POLYPLEX,INE633B01018,518
PONNIERODE,INE838E01017,181.05
POWERGRID,INE752E01010,195.3
POWERMECH,INE211R01019,830.8
PPAP,INE095I01015,590
PRABHAT,INE302M01033,221.3
PRADIP,INE495J01015,2.95
PRAENG,INE505C01016,15.4
PRAJIND,INE074A01025,107.95
PRAKASH,INE603A01013,218.9
PRAKASHCON,INE023M01027,7.4
PRATIBHA,INE308H01022,9
PRAXIS,INE546Y01022,315
PRECAM,INE484I01029,119
PRECOT,INE283A01014,83.7
PRECWIRE,INE372C01029,266.5
PREMEXPLN,INE863B01011,440.9
PREMIER,INE342A01018,35.5
PREMIERPOL,INE309M01012,39.95
PRESSMN,INE980A01023,68.5
PRESTIGE,INE811K01011,325
PRICOLLTD,INE726V01018,111.9
PRIMESECU,INE032B01021,50.6
PRISMCEM,INE010A01011,142.7
PROVOGE,INE968G01033,6.6
PROZONINTU,INE195N01013,61.6
PSB,INE608A01012,45.95
PSL,INE474B01017,4.6
PSPPROJECT,INE488V01015,535
PSUBNKBEES,INF732E01110,414.34
PTC,INE877F01012,107.4
PTL,INE034D01031,56.5
PULZ,INE335X01014,48.55
PUNJABCHEM,INE277B01014,442.95
PUNJLLOYD,INE701B01021,23.7
PURVA,INE323I01011,153.1
PUSHPREALM,INE728W01012,82.75
PVP,INE362A01016,7.95
PVR,INE191H01014,1479.45
QGOLDHALF,INF082J01010,1353.9
QNIFTY,INF082J01028,1192.7
QUESS,INE615P01015,1017.9
QUICKHEAL,INE306L01010,351.2
RADAAN,INE874F01027,2.85
RADICO,INE944F01028,381.4
RADIOCITY,INE919I01016,382.55
RAIN,INE855B01025,404.75
RAINBOWPAP,INE028D01025,3.5
RAJESHEXPO,INE343B01030,833.65
RAJOIL,INE294G01018,2.5
RAJRAYON,INE533D01024,0.6
RAJSREESUG,INE562B01019,48.95
RAJTV,INE952H01027,58.2
RAJVIR,INE011H01014,47.55
RALLIS,INE613A01020,252.6
RAMANEWS,INE278B01020,29.35
RAMASTEEL,INE230R01027,274.75
RAMCOCEM,INE331A01037,773.3
RAMCOIND,INE614A01028,297
RAMCOSYS,INE246B01019,509.5
RAMGOPOLY,INE410D01017,4.85
RAMKY,INE874I01013,223.9
RAMSARUP,INE005D01015,2.15
RANASUG,INE625B01014,7.1
RANEENGINE,INE222J01013,593.95
RANEHOLDIN,INE384A01010,2564.8
RATNAMANI,INE703B01027,1067.9
RAYMOND,INE301A01014,1084.55
RBL,INE244J01017,1152.95
RBLBANK,INE976G01028,505.3
RCF,INE027A01015,98.75
RCOM,INE330H01018,31.05
RECLTD,INE020B01018,157.55
RECLTD,INE020B07GW6,1050
RECLTD,INE020B07GX4,1110.75
RECLTD,INE020B07HS2,1205
RECLTD,INE020B07IG5,1235
RECLTD,INE020B07JU4,1120
REDINGTON,INE891D01026,185.7
REFEX,INE056I01017,20.1
REGENCERAM,INE277C01012,7
RELAXO,INE131B01039,640
RELCAPITAL,INE013A01015,510.4
RELCNX100,INF204K014N5,116.82
RELCONS,INF204KA1LD7,52.61
RELDIVOPP,INF204KA1MS3,30.17
RELIABLE,INE375Y01018,62.5
RELIANCE,INE002A01018,964.5
RELIFIN,INE958G07858,1850
RELIGARE,INE621H01010,47.15
RELINFRA,INE036A01016,512.75
REMSONSIND,INE474C01015,88
RENUKA,INE087H01022,16
REPCOHOME,INE612J01015,637.6
REPRO,INE461B01014,750
RESPONIND,INE688D01026,39.4
REVATHI,INE617A01013,698.95
RHFL,INE217K01011,82.5
RHFL,INE217K07AC4,987.05
RHFL,INE217K07AE0,1000
RHFL,INE217K07AG5,1002
RHFL,INE217K08289,999.01
RICOAUTO,INE209B01025,89.5
RIIL,INE046A01015,572
RJL,INE722H01016,326
RKDL,INE722J01012,18.6
RKEC,INE786W01010,136
RKFORGE,INE399G01015,805
RMCL,INE172H01014,27
RMDRIP,INE219Y01018,71
RML,INE050H01012,895.9
RNAM,INE298J01013,290
RNAVAL,INE542F01012,48.75
ROHLTD,INE283H01019,219.4
ROLLT,INE927A01040,6.35
ROLTA,INE293A01013,70.6
ROSSELLIND,INE847C01020,114.9
RPGLIFE,INE105J01010,508.7
RPOWER,INE614G01033,47.7
RPPINFRA,INE324L01013,305.75
RRSLGETF,INF204KB1882,16.81
RSSOFTWARE,INE165B01029,70.9
RSWM,INE611A01016,364
RSYSTEMS,INE411H01032,43
RTNINFRA,INE834M01019,6.5
RTNPOWER,INE399K01017,7.45
RUBYMILLS,INE301D01026,392
RUCHINFRA,INE413B01023,5.25
RUCHIRA,INE803H01014,185.8
RUCHISOYA,INE619A01027,17.4
RUPA,INE895B01021,453.25
RUSHIL,INE573K01017,1004.25
SABEVENTS,INE860T01019,14.2
SABTN,INE416A01036,24.3
SADBHAV,INE226H01026,412.5
SADBHIN,INE764L01010,146.3
SAGCEM,INE229C01013,1019
SAIL,INE114A01011,91.35
SAKAR,INE732S01012,64.8
SAKHTISUG,INE623A01011,24.15
SAKSOFT,INE667G01015,226.55
SAKUMA,INE190H01016,153.8
SALASAR,INE170V01019,312.5
SALONA,INE498E01010,131
SALORAINTL,INE924A01013,52.15
SALSTEEL,INE658G01014,6.85
SALZERELEC,INE457F01013,213.7
SAMBHAAV,INE699B01027,12.75
SAMTEL,INE381A01016,1.5
SANCO,INE782L01012,47.15
SANDESH,INE583B01015,1213
SANGAMIND,INE495C01010,178
SANGHIIND,INE999B01013,125
SANGHVIFOR,INE263L01013,39.7
SANGHVIMOV,INE989A01024,167
SANGINITA,INE753W01010,50
SANOFI,INE058A01010,4975.1
SANWARIA,INE890C01046,24.25
SARDAEN,INE385C01013,558.5
SAREGAMA,INE979A01017,732
SARLAPOLY,INE453D01025,62.8
SASKEN,INE231F01020,777
SASTASUNDR,INE019J01013,118
SATHAISPAT,INE176C01016,28.4
SATIN,INE836B01017,489.95
SBILIFE,INE123W01016,681.5
SBIN,INE062A01020,316.6
SBIN,INE062A08025,11305
SBIN,INE062A08058,11654.95
SCAPDVR,INE224E01036,10.25
SCHAEFFLER,INE513A01014,5585.6
SCHAND,INE807K01035,479.9
SCHNEIDER,INE839M01018,121.5
SCI,INE109A01011,82.3
SDBL,INE480C01012,257.3
SEAMECLTD,INE497B01018,175.5
SECURCRED,INE195Y01010,212.5
SELAN,INE818A01017,226
SELMCL,INE105I01012,3.1
SENSEXIWIN,INF346A01034,375.08
SEPOWER,INE735M01018,9.25
SEQUENT,INE807F01027,88.55
SERVALL,INE431L01016,1.95
SERVOTECH,INE782X01017,38
SESHAPAPER,INE630A01016,1050
SETCO,INE878E01021,67.65
SETFGOLD,INF200K01099,2757
SETFNIF50,INF200KA1FS1,115
SETFNIFBK,INF200KA1580,275.5
SETFNN50,INF200KA1598,311
SEZAL,INE955I01036,4.4
SFL,INE916U01025,1607.5
SGBAUG24,IN0020160027,2822
SGBDEC25,IN0020170125,2972
SGBDEC2513,IN0020170158,2706
SGBFEB24,IN0020150101,2800
SGBJUL25,IN0020170034,2805
SGBMAR25,IN0020160126,2788
SGBMAY25,IN0020170018,2788
SGBNOV23,IN0020150085,2870
SGBNOV24,IN0020160076,2801
SGBOCT25,IN0020170059,2752
SGBSEP24,IN0020160043,2825
SGL,INE353H01010,19.2
SHAHALLOYS,INE640C01011,22.15
SHAKTIPUMP,INE908D01010,542
SHALBY,INE597J01018,242
SHALPAINTS,INE849C01026,194
SHANKARA,INE274V01019,1720.95
SHANTI,INE933X01016,43.5
SHANTIGEAR,INE631A01022,151.9
SHARDACROP,INE221J01015,444.9
SHARDAMOTR,INE597I01010,2350
SHARIABEES,INF732E01128,270
SHARONBIO,INE028B01029,6.95
SHEMAROO,INE363M01019,535
SHILPAMED,INE790G01031,578.8
SHILPI,INE510K01019,11.45
SHIRPUR-G,INE196B01016,165.1
SHIVAMAUTO,INE637H01024,85.5
SHIVATEX,INE705C01020,616.3
SHK,INE500L01026,305.6
SHOPERSTOP,INE498B01024,525
SHRADHA,INE715Y01015,69.45
SHREECEM,INE070A01015,17522.15
SHREEPUSHK,INE712K01011,276.8
SHREERAMA,INE879A01019,14.4
SHRENIK,INE632X01014,646
SHREYANIND,INE231C01019,190.9
SHREYAS,INE757B01015,594.9
SHRIPISTON,INE526E01018,1800
SHRIRAMCIT,INE722A01011,2069
SHRIRAMCIT,INE722A07471,1057
SHRIRAMEPC,INE964H01014,29.6
SHYAMCENT,INE979R01011,11.8
SICAGEN,INE176J01011,46.95
SICAL,INE075B01012,221.9
SIEMENS,INE003A01024,1331.3
SIGNET,INE529F01027,8.3
SIIL,INE971P01012,65.7
SIKKO,INE112X01017,35.5
SIL,INE173A01025,23.4
SILINV,INE923A01015,485
SILLYMONKS,INE203Y01012,162
SILVERTUC,INE625X01018,122.5
SIMBHALS,INE748T01016,23.25
SIMPLEX,INE898F01018,36.25
SIMPLEXINF,INE059B01024,610
SINTEX,INE429C01035,23.4
SIS,INE285J01010,1216
SITASHREE,INE686I01011,4.95
SITINET,INE965H01011,23.55
SIYSIL,INE076B01028,700
SJVN,INE002L01015,34.6
SKFINDIA,INE640A01023,1802
SKIL,INE429F01012,48.05
SKIPPER,INE439E01022,247.9
SKMEGGPROD,INE411D01015,84.5
SKML,INE672X01010,58
SKSTEXTILE,INE507Y01016,95.5
SMARTLINK,INE178C01020,119.7
SMLISUZU,INE294B01019,848
SMPL,INE215G01021,1.65
SMSLIFE,INE320X01016,421.95
SMSPHARMA,INE812G01025,100
SMVD,INE702Y01013,39
SNOWMAN,INE734N01019,57.3
SOBHA,INE671H01015,575.5
SOLARINDS,INE343H01029,1094
SOMANYCERA,INE355A01028,760.55
SOMATEX,INE314C01013,14.65
SOMICONVEY,INE323J01019,70.9
SONASTEER,INE643A01035,109.2
SONATSOFTW,INE269A01021,308
SORILHOLD,INE126M01010,256
SORILINFRA,INE034H01016,263.95
SOTL,INE035D01012,1439.45
SOUTHBANK,INE683A01023,30.65
SPAL,INE212I01016,382.5
SPARC,INE232I01014,475.25
SPECIALITY,INE247M01014,165.9
SPENTEX,INE376C01020,6.2
SPHEREGSL,INE737B01033,41.8
SPIC,INE147A01011,44.9
SPICEMOBI,INE927C01020,23.7
SPLIL,INE978G01016,25.8
SPMLINFRA,INE937A01023,137.45
SPTL,INE501W01021,75.5
SPYL,INE268L01020,0.7
SQSBFSI,INE201K01015,529
SREEL,INE099F01013,272
SREIBNPNCD,INE881J07DO8,1075
SREIBNPNCD,INE881J07DV3,1010
SREIBNPNCD,INE881J07EE7,1085
SREIBNPNCD,INE881J07EG2,993
SREIBNPNCD,INE881J07EL2,1004
SREIBNPNCD,INE881J07EN8,1057
SREIBNPNCD,INE881J08573,1005.44
SREIBNPNCD,INE881J08631,1010
SREIBNPNCD,INE881J08649,1045
SREINFRA,INE872A01014,97.2
SREINFRA,INE872A07SS5,1070
SREINFRA,INE872A07UA9,1012
SREINFRA,INE872A07UD3,1052
SREINFRA,INE872A07UF8,989
SREINFRA,INE872A07UJ0,1100
SRF,INE647A01010,1827.95
SRHHYPOLTD,INE917H01012,196
SRIPIPES,INE943C01027,387
SRIRAM,INE634W01012,20.3
SRSLTD,INE219H01039,1.5
SRTRANSFIN,INE721A01013,1405
SRTRANSFIN,INE721A07FV5,548.21
SRTRANSFIN,INE721A07GS9,1179
SRTRANSFIN,INE721A07HI8,1072.1
SSWL,INE802C01017,1128
STAMPEDE,INE224E01028,16.8
STAN,INE028L21018,67.95
STAR,INE939A01011,785
STARCEMENT,INE460H01021,129
STARPAPER,INE733A01018,275.85
STCINDIA,INE655A01013,163.75
STEELCITY,INE395H01011,121.5
STEELXIND,INE503B01013,33.75
STEL,INE577L01016,118.8
STERLINBIO,INE324C01038,3.8
STERTOOLS,INE334A01023,406.05
STINDIA,INE090C01019,20
STRTECH,INE089C01029,381
SUBEX,INE754A01014,10.25
SUBROS,INE287B01021,354.8
SUDARSCHEM,INE659A01023,464.95
SUJANAUNI,INE216G01011,1.1
SUMEETINDS,INE235C01010,28.65
SUMMITSEC,INE519C01017,1088.1
SUNCLAYLTD,INE105A01035,4929.9
SUNDARAM,INE108E01023,4.45
SUNDARMFIN,INE660A01013,1899
SUNDRMBRAK,INE073D01013,632.25
SUNDRMFAST,INE387A01021,536.7
SUNFLAG,INE947A01014,84.6
SUNILHITEC,INE305H01028,13
SUNPHARMA,INE044A01036,594.9
SUNTECK,INE805D01034,434.6
SUNTV,INE424H01027,1030
SUPERHOUSE,INE712B01010,168.9
SUPERSPIN,INE662A01027,17.85
SUPPETRO,INE663A01017,377
SUPRAJIT,INE399C01030,311.75
SUPREMEIND,INE195A01028,1339.7
SUPREMEINF,INE550H01011,127
SUPREMETEX,INE651G01027,2.6
SURANAIND,INE659D01019,3.85
SURANASOL,INE272L01022,17.5
SURANAT&P,INE130B01031,6
SURYALAXMI,INE713B01026,91.95
SURYAROSNI,INE335A01012,414.2
SUTLEJTEX,INE645H01027,100.7
SUVEN,INE495B01038,231.45
SUZLON,INE040H01021,14.8
SWANENERGY,INE665A01038,217.9
SWARAJENG,INE277A01016,2017
SWELECTES,INE409B01013,465
SYMPHONY,INE225D01027,1863.8
SYNCOM,INE602K01014,6.7
SYNDIBANK,INE667A01018,73.65
SYNGENE,INE398R01022,625
TAINWALCHM,INE123C01018,107.35
TAJGVK,INE586B01026,184.75
TAKE,INE142I01023,169.95
TALBROAUTO,INE187D01011,313
TALWALKARS,INE502K01016,315.5
TANLA,INE483C01032,34.65
TANTIACONS,INE388G01018,18.1
TARAJEWELS,INE799L01016,17.2
TARAPUR,INE747K01017,7.7
TARMAT,INE924H01018,67
TASTYBITE,INE488B01017,9190
TATACHEM,INE092A01019,722
TATACOFFEE,INE493A01027,147.35
TATACOMM,INE151A01013,625
TATAELXSI,INE670A01012,1088.45
TATAGLOBAL,INE192A01025,303.7
TATAINVEST,INE672A01018,860.75
TATAMETALI,INE056C01010,913.05
TATAMOTORS,INE155A01022,400.95
TATAMTRDVR,IN9155A01020,225.95
TATAPOWER,INE245A01021,91.2
TATASPONGE,INE674A01014,1120
TATASTEEL,INE081A01012,747.9
TBZ,INE760L01018,129.15
TCFSL,INE306N07BM6,1120
TCI,INE688A01022,281.5
TCIDEVELOP,INE662L01016,499.95
TCIEXP,INE586V01016,541
TCIFINANCE,INE911B01018,36.75
TCPLPACK,INE822C01015,670
TCS,INE467B01029,3150
TDPOWERSYS,INE419M01019,193.9
TEAMLEASE,INE985S01024,2320
TECHIN,INE778A01021,11.35
TECHM,INE669C01036,626.2
TECHNO,INE286K01024,387.55
TECHNOFAB,INE509K01011,249
TEJASNET,INE010J01012,394.6
TERASOFT,INE482B01010,68.95
TEXINFRA,INE435C01024,68.4
TEXMOPIPES,INE141K01013,25.45
TEXRAIL,INE621L01012,105.7
TFCILTD,INE305A01015,161.2
TFL,INE804H01012,13.15
TGBHOTELS,INE797H01018,55.55
THANGAMAYL,INE085J01014,573
THEMISMED,INE083B01016,611.95
THERMAX,INE152A01029,1260
THIRUSUGAR,INE409A01015,54
THOMASCOOK,INE332A01027,239.6
THYROCARE,INE594H01019,692.05
TI,INE133E01013,19.35
TIDEWATER,INE484C01022,6973.7
TIFIN,INE149A01033,699.25
TIIL,INE545H01011,567.95
TIINDIA,INE974X01010,268.95
TIJARIA,INE440L01017,13.95
TIL,INE806C01018,625
TIMESGTY,INE289C01025,66.9
TIMETECHNO,INE508G01029,189.2
TIMKEN,INE325A01013,905.95
TINPLATE,INE422C01014,266.5
TIPSINDLTD,INE716B01011,108.6
TIRUMALCHM,INE338A01016,2064.9
TIRUPATIFL,INE319Y01016,59.4
TITAN,INE280A01028,884.95
TMRVL,INE759V01019,155
TNPETRO,INE148A01019,59.9
TNPL,INE107A01015,429
TNTELE,INE141D01018,2.45
TOKYOPLAST,INE932C01012,126.3
TORNTPHARM,INE685A01028,1369.95
TORNTPOWER,INE813H01021,290.75
TOTAL,INE336X01012,58
TOUCHWOOD,INE486Y01013,59
TPLPLASTEH,INE413G01014,674
TRANSWIND,INE792X01016,33.05
TREEHOUSE,INE040M01013,14.15
TRENT,INE849A01020,321.95
TRF,INE391D01019,236
TRIDENT,INE064C01014,80
TRIGYN,INE948A01012,164.25
TRIL,INE763I01026,36.5
TRITURBINE,INE152M01016,130.1
TRIVENI,INE256C01024,66.5
TTKHLTCARE,INE910C01018,840.15
TTKPRESTIG,INE690A01010,7499.25
TTL,INE592B01016,113.35
TTML,INE517B01013,7.1
TULSI,INE474I01012,2.95
TV18BRDCST,INE886H01027,63.35
TVSELECT,INE236G01019,395
TVSMOTOR,INE494B01023,712
TVSSRICHAK,INE421C01016,3640.1
TVTODAY,INE038F01029,461.7
TVVISION,INE871L01013,19.95
TWL,INE615H01020,158.45
UBL,INE686F01025,1155.5
UCALFUEL,INE139B01016,294.25
UCOBANK,INE691A01018,31.7
UFLEX,INE516A01017,442.5
UFO,INE527H01019,469.95
UGARSUGAR,INE071E01023,23.75
UJAAS,INE899L01022,25.5
UJJIVAN,INE334L01012,385.75
ULTRACEMCO,INE481G01011,4405.9
UMANGDAIRY,INE864B01027,101.75
UMESLTD,INE240C01028,1.45
UNICHEMLAB,INE351A01035,362.05
UNIENTER,INE037A01022,96.2
UNIONBANK,INE692A01016,137
UNIPLY,INE950G01015,461.95
UNITECH,INE694A01020,8.85
UNITEDBNK,INE695A01019,16.9
UNITEDTEA,INE458F01011,452.7
UNITY,INE466H01028,7.1
UNIVCABLES,INE279A01012,163
UPL,INE628A01036,777
UPL,INE628A03024,16.1
URJA,INE550C01020,9.35
USHAMART,INE228A01035,27.15
USHERAGRO,INE235G01011,8.2
UTIFEFRGR4,INF789FC1T29,8.7
UTINEXT50,INF789FC1N82,309.25
UTINIFTETF,INF789FB1X41,1143
UTISENSETF,INF789FB1X58,373.9
UTTAMSTL,INE699A01011,21.8
UTTAMSUGAR,INE786F01031,119.4
UVSL,INE292A01023,0.35
V2RETAIL,INE945H01013,442.1
VADILALIND,INE694D01016,861
VAIBHAVGBL,INE884A01019,760
VAISHALI,INE972X01014,70.25
VAKRANGEE,INE051B01021,447.95
VALUEIND,INE352A01017,8
VARDHACRLC,INE116G01013,49.85
VARDMNPOLY,INE835A01011,34.5
VASCONEQ,INE893I01013,42.3
VASWANI,INE590L01019,16
VBL,INE200M01013,698
VEDL,INE205A01025,346.45
VEDL,INE205A04011,10.55
VENKEYS,INE398A01010,2785
VENUSREM,INE411B01019,91.7
VERTOZ,INE188Y01015,214
VESUVIUS,INE386A01015,1436
VETO,INE918N01018,223.5
VGUARD,INE951I01027,235.95
VHL,INE701A01023,4878.95
VICEROY,INE048C01017,18.15
VIDEOIND,INE703A01011,18.8
VIDHIING,INE632C01026,94.65
VIJAYABANK,INE705A01016,65
VIJIFIN,INE159N01027,11.75
VIJSHAN,INE806F01011,26.7
VIKASECO,INE806A01020,42.1
VIMTALABS,INE579C01029,221
VINATIORGA,INE410B01029,957.7
VINDHYATEL,INE707A01012,1140
VINYLINDIA,INE250B01029,109.85
VIPCLOTHNG,INE450G01024,78.45
VIPIND,INE054A01027,345.65
VIPULLTD,INE946H01037,74.5
VISAKAIND,INE392A01013,759.9
VISASTEEL,INE286H01012,19.3
VISESHINFO,INE861A01058,0.2
VISHNU,INE270I01014,396
VIVIDHA,INE370E01029,1.25
VIVIMEDLAB,INE526G01021,90.45
VLSFINANCE,INE709A01018,91.65
VMART,INE665J01013,1542.1
VOLTAMP,INE540H01012,1069
VOLTAS,INE226A01021,616
VRLLOG,INE366I01010,449.95
VSCL,INE551Q01028,124.05
VSSL,INE050M01012,154
VSTIND,INE710A01016,3295.5
VSTTILLERS,INE764D01017,2379.75
VTL,INE825A01012,1344.95
WABAG,INE956G01038,616
WABCOINDIA,INE342J01019,7584.9
WALCHANNAG,INE711A01022,222.55
WANBURY,INE107F01022,43
WEALTH,INE658T01017,81.2
WEBELSOLAR,INE855C01015,123
WEIZFOREX,INE726L01019,1200
WEIZMANIND,INE080A01014,50.75
WELCORP,INE191B01025,171.5
WELENT,INE625G01013,178.25
WELINV,INE389K01018,213.15
WELSPUNIND,INE192B01031,70.75
WENDT,INE274C01019,3329.95
WHEELS,INE715A01015,2224
WHIRLPOOL,INE716A01013,1485.8
WILLAMAGOR,INE210A01017,119.7
WINDMACHIN,INE052A01021,125.2
WINSOME,INE784B01035,2.25
WIPL,INE215F01023,73
WIPRO,INE075A01022,308.95
WOCKPHARMA,INE049B01025,828
WONDERLA,INE066O01014,388
WORTH,INE196Y01018,107
WSI,INE100D01014,7.3
WSTCSTPAPR,INE976A01021,288.25
XCHANGING,INE692G01013,60.85
XLENERGY,INE183H01011,3.95
XPROINDIA,INE445C01015,55
YESBANK,INE528G01027,356.55
ZANDUREALT,INE719A01017,2210
ZEEL,INE256A01028,607.2
ZEEL,INE256A04022,10.2
ZEELEARN,INE565L01011,44.6
ZEEMEDIA,INE966H01019,43.75
ZENITHBIR,INE318D01020,0.9
ZENITHEXPO,INE058B01018,56.75
ZENSARTECH,INE520A01019,965
ZENTEC,INE251B01027,125
ZICOM,INE871B01014,25.6
ZODIAC,INE761Y01019,43.75
ZODIACLOTH,INE206B01013,218.7
ZODJRDMKJ,INE077B01018,48.9
ZOTA,INE358U01012,209.55
ZUARI,INE840M01016,496.2
ZUARIGLOB,INE217A01012,208.95
ZYDUSWELL,INE768C01010,1015
ZYLOG,INE225I01026,4.15
